City_ID,City,Lat,Lng,Max Temp,Humidity,Cloudiness,Wind Speed,Country,Date
0,gympie,-26.1898,152.665,21.36,84,81,0.9,AU,1701798670
1,douglas,41.3,-96.167,6.02,64,0,7.2,US,1701798612
2,jamestown,42.097,-79.2353,1.77,98,100,0.45,US,1701798757
3,adamstown,-25.066,-130.1015,22.52,82,100,6.33,PN,1701798812
4,ancud,-41.8697,-73.8203,15.4,74,13,3.03,CL,1701798549
5,papao,-17.75,-149.55,27.82,81,100,8.31,PF,1701798812
6,tiksi,71.6872,128.8694,-18.68,96,100,4.92,RU,1701798813
7,soio,-6.1349,12.3689,26.23,79,87,2.77,AO,1701798813
8,corfu,39.62,19.9197,11.88,100,100,0.0,GR,1701798813
9,grytviken,-54.2811,-36.5092,3.35,94,71,6.2,GS,1701798813
10,bredasdorp,-34.5322,20.0403,17.28,77,86,6.33,ZA,1701798814
11,port-aux-francais,-49.35,70.2167,4.54,90,97,9.7,TF,1701798814
12,ad dawadimi,24.5077,44.3924,17.64,25,0,4.14,SA,1701798814
13,albany,42.6001,-73.9662,2.58,81,68,2.63,US,1701798645
14,edinburgh of the seven seas,-37.0676,-12.3116,15.07,95,100,5.25,SH,1701798814
15,ust'-ilimsk,58.0006,102.6619,-30.16,100,96,0.53,RU,1701798814
16,santa elena de uairen,4.6167,-61.1333,30.63,30,29,3.63,VE,1701798814
17,bel ombre,-4.6167,55.4167,28.91,65,20,2.06,SC,1701798815
18,zhelezinka,53.54,75.3072,0.21,99,100,2.44,KZ,1701798815
19,dunedin,-45.8742,170.5036,12.11,83,95,1.34,NZ,1701798568
20,waitangi,-43.9535,-176.5597,11.57,72,97,2.24,NZ,1701798815
21,guercif,34.2257,-3.3536,17.54,24,100,1.49,MA,1701798815
22,aasiaat,68.7098,-52.8699,-18.68,98,81,3.5,GL,1701798816
23,yellowknife,62.456,-114.3525,-8.1,100,100,7.72,CA,1701798816
24,margaret river,-33.95,115.0667,12.99,88,6,4.54,AU,1701798816
25,kudahuvadhoo,2.6708,72.8944,28.19,78,76,5.38,MV,1701798816
26,saudarkrokur,65.7461,-19.6394,-3.98,72,23,2.87,IS,1701798817
27,aykhal,66.0,111.5,-30.36,97,100,3.35,RU,1701798817
28,papatowai,-46.5619,169.4708,10.17,83,90,0.9,NZ,1701798817
29,invercargill,-46.4,168.35,6.35,92,65,1.95,NZ,1701798817
30,konarka,19.9,86.1167,24.22,75,100,5.06,IN,1701798817
31,la peca,-5.6111,-78.435,27.75,62,84,2.51,PE,1701798818
32,jalai nur,49.45,117.7,-15.8,71,3,9.3,CN,1701798818
33,homer,59.6425,-151.5483,1.93,75,100,2.06,US,1701798818
34,nar'yan-mar,67.6713,53.087,-29.38,94,9,3.13,RU,1701798818
35,blackmans bay,-43.0167,147.3167,12.63,59,19,1.34,AU,1701798818
36,antsiranana,-12.2787,49.2917,25.84,76,87,5.12,MG,1701798818
37,bethel,41.3712,-73.414,5.88,63,100,3.6,US,1701798568
38,viedma,-40.8135,-62.9967,28.48,24,50,7.63,AR,1701798819
39,galle,6.0367,80.217,25.78,88,70,1.84,LK,1701798819
40,buala,-8.145,159.5921,27.17,86,100,7.79,SB,1701798819
41,ribeira grande,38.5167,-28.7,19.32,88,40,10.8,PT,1701798819
42,toliara,-23.35,43.6667,23.57,86,73,1.69,MG,1701798819
43,longyearbyen,78.2186,15.6401,-5.09,63,75,7.2,SJ,1701798819
44,kerikeri,-35.2268,173.9474,14.39,94,56,1.42,NZ,1701798819
45,ushuaia,-54.8,-68.3,4.81,75,75,15.95,AR,1701798820
46,nantucket,41.2835,-70.0995,6.06,69,20,6.69,US,1701798695
47,olonkinbyen,70.9221,-8.7187,-1.89,76,86,5.83,SJ,1701798820
48,nova xavantina,-14.6667,-52.35,37.61,27,81,2.76,BR,1701798820
49,kodiak,57.79,-152.4072,0.73,86,100,9.26,US,1701798628
50,taroa,8.7058,171.2275,27.91,80,93,9.96,MH,1701798820
51,isafjordur,66.0755,-23.124,0.02,74,0,1.54,IS,1701798820
52,avarua,-21.2078,-159.775,25.03,83,20,7.72,CK,1701798820
53,broken hill,-31.95,141.4333,25.91,30,26,5.99,AU,1701798820
54,sinabang,2.4803,96.3801,26.79,81,97,1.74,ID,1701798821
55,kuhmo,64.1333,29.5167,-12.83,98,100,0.73,FI,1701798821
56,coxen hole,16.3244,-86.5366,29.6,70,20,7.72,HN,1701798821
57,ilulissat,69.2167,-51.1,-9.99,57,0,2.06,GL,1701798821
58,kingston,17.997,-76.7936,32.36,60,20,2.06,JM,1701798541
59,puerto natales,-51.7236,-72.4875,11.25,35,0,12.86,CL,1701798821
60,san antonio de pale,-1.4014,5.6325,26.11,83,92,5.36,GQ,1701798821
61,kathu,7.9178,98.3332,25.9,83,100,5.98,TH,1701798821
62,talnakh,69.4865,88.3972,-33.23,84,10,2.44,RU,1701798821
63,chengde,40.9725,117.9361,0.19,39,93,7.2,CN,1701798822
64,katima mulilo,-17.5,24.2667,32.65,18,83,1.89,NA,1701798822
65,suarez,2.954,-76.6964,28.79,58,45,1.56,CO,1701798822
66,sitka,57.0531,-135.33,8.94,71,100,11.32,US,1701798822
67,inhambane,-23.865,35.3833,26.99,74,40,4.12,MZ,1701798822
68,sancaktepe,41.0024,29.2319,11.43,87,75,4.63,TR,1701798822
69,lazaro cardenas,17.9583,-102.2,30.39,48,100,3.28,MX,1701798818
70,punta arenas,-53.15,-70.9167,10.06,40,40,13.89,CL,1701798822
71,polyarnyy,69.1989,33.4478,-9.1,83,100,6.32,RU,1701798822
72,ust-nera,64.5667,143.2,-47.62,98,83,2.55,RU,1701798823
73,acarau,-2.8856,-40.12,30.54,63,16,9.11,BR,1701798823
74,al jawf,29.5,38.75,21.49,30,17,6.32,SA,1701798823
75,gamboma,-1.8764,15.8644,22.63,93,97,1.31,CG,1701798823
76,georgetown,5.4112,100.3354,25.96,97,40,1.03,MY,1701798622
77,bilibino,68.0546,166.4372,-29.04,100,100,1.47,RU,1701798823
78,jatai,-17.8814,-51.7144,31.9,41,84,1.73,BR,1701798823
79,saint-philippe,-21.3585,55.7679,22.77,77,41,2.92,RE,1701798823
80,wailua homesteads,22.0669,-159.378,23.44,87,75,8.75,US,1701798824
81,thompson,55.7435,-97.8558,-6.91,93,100,5.14,CA,1701798665
82,vorgashor,67.5833,63.95,-30.4,97,33,1.59,RU,1701798824
83,vila franca do campo,37.7167,-25.4333,19.23,99,100,7.52,PT,1701798824
84,vadso,70.0744,29.7487,-4.91,63,20,11.32,NO,1701798824
85,khandyga,62.6667,135.6,-51.99,100,45,0.41,RU,1701798824
86,agadez,19.75,10.25,21.02,21,0,2.43,NE,1701798824
87,nuuk,64.1835,-51.7216,-3.66,50,40,2.06,GL,1701798824
88,tazovsky,67.4667,78.7,-28.5,97,97,1.49,RU,1701798824
89,east london,-33.0153,27.9116,16.52,100,75,0.51,ZA,1701798825
90,new norfolk,-42.7826,147.0587,13.29,74,25,2.06,AU,1701798825
91,lebu,-37.6167,-73.65,15.28,73,55,4.66,CL,1701798825
92,nemuro,43.3236,145.575,6.18,85,56,4.2,JP,1701798825
93,geraldton,-28.7667,114.6,21.23,78,100,6.17,AU,1701798825
94,sao joao da barra,-21.6403,-41.0511,31.05,81,57,6.7,BR,1701798825
95,puerto baquerizo moreno,-0.9,-89.6,26.55,74,75,6.17,EC,1701798825
96,atafu village,-8.5421,-172.5159,28.3,78,65,4.67,TK,1701798825
97,port mathurin,-19.6833,63.4167,26.01,84,81,4.28,MU,1701798825
98,kruisfontein,-34.0033,24.7314,16.6,76,100,5.96,ZA,1701798826
99,petropavlovsk-kamchatsky,53.0452,158.6483,-3.67,79,20,5.36,RU,1701798826
100,whitehorse,60.7161,-135.0538,-2.57,86,75,10.29,CA,1701798826
101,bengkulu,-3.8004,102.2655,24.28,95,98,1.9,ID,1701798826
102,necochea,-38.5473,-58.7368,20.68,49,37,10.51,AR,1701798826
103,vernon,50.2581,-119.2691,8.5,93,100,2.57,CA,1701798584
104,iskateley,67.6803,53.1512,-29.43,94,9,3.13,RU,1701798826
105,kismayo,-0.3582,42.5454,27.97,74,98,5.22,SO,1701798826
106,bodo,67.28,14.405,-1.14,98,100,6.17,NO,1701798827
107,christchurch,-43.5333,172.6333,14.39,85,100,4.63,NZ,1701798799
108,kapa'a,22.0752,-159.319,24.18,87,75,8.75,US,1701798783
109,iqaluit,63.7506,-68.5145,-10.15,79,75,3.09,CA,1701798827
110,lobujya,27.95,86.8167,-11.58,27,48,1.32,NP,1701798827
111,san luis de la loma,17.2706,-100.8939,30.9,54,99,2.72,MX,1701798827
112,college,64.8569,-147.8028,-20.03,74,75,0.0,US,1701798827
113,port-vila,-17.7338,168.3219,23.78,100,75,1.54,VU,1701798610
114,richards bay,-28.783,32.0377,21.14,85,100,4.42,ZA,1701798827
115,isiro,2.7739,27.616,19.99,98,73,0.3,CD,1701798827
116,galliano,29.4422,-90.2992,18.0,45,0,2.57,US,1701798828
117,tsiombe,-25.3,45.4833,22.58,88,79,3.51,MG,1701798828
118,hermanus,-34.4187,19.2345,18.09,72,7,8.24,ZA,1701798747
119,enewetak,11.3474,162.3373,27.87,67,94,8.35,MH,1701798828
120,forster,-32.1667,152.5167,15.77,94,4,2.5,AU,1701798828
121,chyorny yar,48.0624,46.1091,-3.84,83,7,2.02,RU,1701798828
122,cheney,47.4874,-117.5758,11.19,95,100,5.66,US,1701798724
123,minas de marcona,-15.2119,-75.1103,20.75,54,98,6.5,PE,1701798828
124,colonia,50.9333,6.95,5.32,91,100,4.63,DE,1701798703
125,los angeles,34.0522,-118.2437,26.13,38,0,3.6,US,1701798283
126,sur,22.5667,59.5289,24.55,45,0,3.61,OM,1701798829
127,hasaki,35.7333,140.8333,7.94,85,100,4.75,JP,1701798575
128,hawaiian paradise park,19.5933,-154.9731,22.16,91,75,0.45,US,1701798829
129,port moresby,-9.4431,147.1797,24.36,88,78,2.92,PG,1701798829
130,emerald,-23.5333,148.1667,21.86,87,5,3.76,AU,1701798829
131,gangtok,27.3333,88.6167,10.12,70,69,1.16,IN,1701798829
132,chibougamau,49.9168,-74.3659,-16.21,78,0,1.54,CA,1701798829
133,ontario,34.0633,-117.6509,24.89,33,20,3.09,US,1701798550
134,chonchi,-42.6128,-73.8092,19.56,48,19,2.3,CL,1701798829
135,faya-largeau,17.9257,19.1043,23.6,15,64,6.54,TD,1701798829
136,rosarito,32.3333,-117.0333,25.04,35,1,0.61,MX,1701798829
137,beyla,8.6833,-8.6333,24.97,41,16,0.29,GN,1701798830
138,den burg,53.0542,4.7972,2.22,93,100,3.09,NL,1701798830
139,kargasok,59.0556,80.8572,-20.58,95,100,4.47,RU,1701798830
140,vorkuta,67.5,64.0,-30.31,97,33,1.74,RU,1701798830
141,susuman,62.7833,148.1667,-46.12,100,98,0.89,RU,1701798830
142,nueve de julio,-35.4444,-60.8831,19.98,73,99,0.45,AR,1701798830
143,mariano,8.8333,125.1167,25.14,92,96,0.87,PH,1701798830
144,greenville,35.6127,-77.3663,16.01,56,0,0.89,US,1701798830
145,khilok,51.3674,110.4676,-18.05,73,67,7.35,RU,1701798830
146,west island,-12.1568,96.8225,25.99,83,40,3.6,CC,1701798831
147,baki,-7.6128,110.7839,24.6,90,100,2.15,ID,1701798831
148,utrik,11.2278,169.8474,27.51,78,25,10.09,MH,1701798831
149,krasnaya gora,52.9995,31.6023,-13.81,100,99,1.97,RU,1701798831
150,argostolion,38.1811,20.489,15.97,66,75,2.06,GR,1701798831
151,saldanha,-33.0117,17.9442,22.03,76,81,11.36,ZA,1701798831
152,acapulco de juarez,16.8634,-99.8901,30.19,61,45,2.14,MX,1701798700
153,nova vicosa,-17.8919,-39.3719,28.99,66,3,6.83,BR,1701798831
154,al jubayl,27.0112,49.6583,21.75,56,0,3.49,SA,1701798831
155,qui nhon,13.7667,109.2333,24.09,91,40,2.67,VN,1701798831
156,muzaffarnagar,29.4667,77.6833,16.28,49,0,2.14,IN,1701798832
157,santyoku,37.4406,129.1708,6.39,63,1,2.91,KR,1701798832
158,hamilton,39.1834,-84.5333,6.11,93,100,4.63,US,1701798832
159,celestun,20.8667,-90.4,27.8,70,100,3.94,MX,1701798832
160,anna regina,7.2644,-58.5077,28.47,69,82,3.19,GY,1701798832
161,udachny,66.4167,112.4,-29.57,97,100,2.84,RU,1701798832
162,saint-pierre,-21.3393,55.4781,22.82,78,0,2.57,RE,1701798832
163,bikenibeu village,1.3673,173.1241,25.98,89,75,5.66,KI,1701798832
164,kumburgaz,41.0211,28.4772,10.87,84,100,4.78,TR,1701798832
165,eyl,7.9803,49.8164,25.75,62,76,9.91,SO,1701798832
166,egilsstadir,65.2653,-14.3948,-16.05,92,100,1.54,IS,1701798833
167,khovd,48.0056,91.6419,-6.42,65,55,2.28,MN,1701798833
168,palora,-1.7,-77.9333,21.06,82,99,0.9,EC,1701798833
169,kavieng,-2.5744,150.7967,27.26,82,100,3.99,PG,1701798833
170,banfora,10.6333,-4.7667,30.24,17,4,2.11,BF,1701798833
171,lauro de freitas,-12.8944,-38.3272,30.01,70,20,7.2,BR,1701798753
172,mount pearl,47.5166,-52.7813,0.74,85,100,5.66,CA,1701798833
173,enriquillo,17.9,-71.2333,30.82,68,5,4.89,DO,1701798833
174,port macquarie,-31.4333,152.9167,17.16,91,6,3.61,AU,1701798833
175,bouarfa,32.53,-1.95,12.41,45,100,4.02,MA,1701798833
176,hithadhoo,-0.6,73.0833,28.15,74,61,3.21,MV,1701798834
177,anadyr,64.75,177.4833,-21.67,83,0,3.0,RU,1701798834
178,bude,50.8243,-4.5413,4.47,88,83,0.45,GB,1701798834
179,lompoc,34.6391,-120.4579,19.45,48,0,4.12,US,1701798697
180,talcher,20.95,85.2167,19.2,85,100,0.48,IN,1701798834
181,stepnogorsk,52.3544,71.8869,0.86,96,100,3.06,KZ,1701798834
182,altagracia de orituco,9.8601,-66.3814,31.66,44,91,2.32,VE,1701798834
183,mirriah,13.7073,9.1501,25.97,14,81,3.98,NE,1701798834
184,villa gesell,-37.2639,-56.973,19.47,69,97,8.17,AR,1701798834
185,pandan,14.0453,124.1694,26.37,87,77,4.02,PH,1701798834
186,sorong,-0.8833,131.25,27.24,80,95,2.28,ID,1701798834
187,port alfred,-33.5906,26.891,17.88,79,100,0.45,ZA,1701798835
188,nago,26.5881,127.9761,20.47,62,99,3.04,JP,1701798835
189,sokoni,-6.4333,39.55,27.5,82,16,3.43,TZ,1701798835
190,poronaysk,49.2167,143.1167,-7.44,87,66,2.38,RU,1701798835
191,rio grande,-32.035,-52.0986,24.06,74,100,9.57,BR,1701798728
192,brisas de zicatela,15.8369,-97.0419,30.06,60,56,2.78,MX,1701798835
193,tura,25.5198,90.2201,18.66,66,81,0.93,IN,1701798542
194,la cruz,23.9167,-106.9,27.09,38,0,2.33,MX,1701798835
195,songea,-10.6833,35.65,19.9,90,71,1.28,TZ,1701798835
196,nungwi,-5.7265,39.2987,28.03,81,10,4.59,TZ,1701798835
197,galesong,-5.3166,119.3661,25.01,82,83,2.51,ID,1701798836
198,panjakent,39.4952,67.6093,11.9,32,2,2.88,TJ,1701798836
199,road town,18.4167,-64.6167,29.05,58,20,4.63,VG,1701798545
200,san andres,12.5847,-81.7006,32.01,70,40,6.69,CO,1701798836
201,atar,20.5169,-13.0499,29.1,16,69,3.09,MR,1701798836
202,gondar,12.6,37.4667,17.28,52,55,2.32,ET,1701798836
203,nadym,65.5333,72.5167,-40.05,100,41,1.34,RU,1701798836
204,klyuchi,52.2667,79.1667,2.11,93,100,4.91,RU,1701798836
205,visby,57.6409,18.296,-1.88,80,100,1.54,SE,1701798775
206,kiunga,-6.1219,141.2906,22.51,100,100,1.86,PG,1701798836
207,puerto deseado,-47.7503,-65.8938,10.65,60,88,13.23,AR,1701798837
208,aberdeen,57.1437,-2.0981,1.32,94,40,2.57,GB,1701798742
209,port elizabeth,-33.918,25.5701,17.83,72,100,3.13,ZA,1701798837
210,santa ana,33.7456,-117.8678,26.81,45,0,0.0,US,1701798276
211,san patricio,28.017,-97.5169,20.48,55,100,2.42,US,1701798837
212,kone,-21.0595,164.8658,22.87,84,100,2.02,NC,1701798837
213,vrangel',42.7297,133.0839,2.15,67,1,2.6,RU,1701798837
214,gornyy,55.1153,83.9059,-2.51,98,100,2.65,RU,1701798837
215,kafue,-15.7691,28.1814,26.6,26,48,2.77,ZM,1701798837
216,kawm hamadah,30.761,30.6973,16.15,85,3,1.88,EG,1701798837
217,carnarvon,-24.8667,113.6333,23.61,77,64,9.69,AU,1701798837
218,mont-laurier,46.5501,-75.4993,-10.21,74,77,1.24,CA,1701798838
219,puerto ayora,-0.7393,-90.3518,29.98,87,86,3.58,EC,1701798838
220,yakeshi,49.2833,120.7333,-15.89,86,86,8.56,CN,1701798838
221,ta`u,-14.2336,-169.5144,27.19,80,87,8.95,AS,1701798838
222,stanley,54.868,-1.6985,3.2,91,20,3.09,GB,1701798614
223,vilyuchinsk,52.9306,158.4028,-2.85,85,20,4.91,RU,1701798838
224,taoudenni,22.6783,-3.9836,24.15,10,81,3.6,ML,1701798838
225,constitucion,-35.3333,-72.4167,16.61,68,63,3.8,CL,1701798838
226,verkhnevilyuysk,63.4453,120.3167,-47.52,99,66,1.88,RU,1701798838
227,kitimat,54.0524,-128.6534,6.21,64,100,1.79,CA,1701798838
228,driefontein,-27.0177,30.4498,16.29,94,84,3.89,ZA,1701798839
229,warrnambool,-38.3833,142.4833,12.12,83,64,2.54,AU,1701798839
230,tromso,69.6496,18.957,-2.99,63,40,5.14,NO,1701798839
231,iranshahr,27.2025,60.6848,17.19,19,0,0.0,IR,1701798839
232,pisco,-13.7,-76.2167,23.03,73,0,4.12,PE,1701798839
233,ascension,30.2169,-90.9001,17.22,56,0,0.0,US,1701798839
234,midvagur,62.0511,-7.1939,-1.54,80,40,0.51,FO,1701798839
235,revda,56.801,59.9303,-15.43,96,99,2.49,RU,1701798839
236,las vegas,36.175,-115.1372,19.23,35,0,2.24,US,1701798437
237,ambasa,23.9172,91.8472,18.47,73,98,1.06,IN,1701798840
238,ertil',51.8406,40.8056,-7.96,96,72,2.91,RU,1701798840
239,yoko,5.5333,12.3167,22.36,45,81,1.05,CM,1701798840
240,central,30.5544,-91.0368,16.04,59,100,1.71,US,1701798840
241,touros,-5.1989,-35.4608,29.43,62,44,6.7,BR,1701798840
242,howard springs,-12.497,131.047,24.95,96,100,4.14,AU,1701798840
243,portland,45.5234,-122.6762,15.06,96,100,4.02,US,1701798327
244,send,51.2888,-0.5267,6.78,88,75,3.09,GB,1701798840
245,sisimiut,66.9395,-53.6735,-9.95,80,20,5.16,GL,1701798840
246,rio preto da eva,-2.6994,-59.6997,31.86,53,75,1.71,BR,1701798841
247,calama,-22.4667,-68.9333,25.27,7,0,10.29,CL,1701798841
248,general pinedo,-27.3167,-61.2833,26.1,79,98,1.72,AR,1701798841
249,scarborough,54.2797,-0.4044,5.92,82,100,2.24,GB,1701798784
250,afaahiti,-17.75,-149.2833,26.93,83,100,7.78,PF,1701798841
251,progreso,21.2833,-89.6667,30.06,72,100,5.53,MX,1701798841
252,gadzhiyevo,69.2551,33.3362,-9.49,84,100,6.21,RU,1701798841
253,ozar,20.1,73.9333,21.85,66,96,3.42,IN,1701798841
254,palangkaraya,-2.2,113.8333,24.18,95,98,0.5,ID,1701798841
255,gbarnga,6.9956,-9.4722,27.96,62,58,0.49,LR,1701798842
256,solnechnyy,50.7214,136.6319,-13.32,90,98,3.87,RU,1701798842
257,horta,38.5333,-28.6333,18.9,90,40,10.8,PT,1701798842
258,joaquin v. gonzalez,-25.0833,-64.1833,24.98,57,82,3.21,AR,1701798842
259,eirunepe,-6.6603,-69.8736,29.24,77,96,1.05,BR,1701798843
260,okhotsk,59.3833,143.3,-26.68,77,100,6.83,RU,1701798843
261,zayed city,24.3768,54.589,27.22,71,0,3.6,AE,1701798843
262,st. john's,47.5649,-52.7093,1.2,85,100,2.57,CA,1701798572
263,ketchikan,55.3422,-131.6461,8.99,87,100,4.63,US,1701798843
264,illizi,26.4833,8.4667,22.89,19,6,2.52,DZ,1701798844
265,noumea,-22.2763,166.4572,19.99,87,86,3.6,NC,1701798739
266,slave lake,55.2834,-114.769,-2.01,80,100,1.54,CA,1701798844
267,warman,52.3168,-106.5679,-2.05,80,100,4.12,CA,1701798844
268,shimoda,34.6667,138.95,10.06,75,100,3.69,JP,1701798844
269,anshun,26.25,105.9333,9.45,84,100,4.23,CN,1701798845
270,genhe,50.7833,121.5167,-13.3,92,100,4.75,CN,1701798845
271,yamada,39.4667,141.95,8.47,69,92,1.49,JP,1701798845
272,laguna de perlas,12.3429,-83.6712,31.05,83,1,5.17,NI,1701798823
273,alofi,-19.0595,-169.9187,23.94,88,40,2.06,NU,1701798845
274,arroio grande,-32.2375,-53.0869,21.2,73,100,6.75,BR,1701798846
275,karratha,-20.7377,116.8463,27.12,69,3,5.31,AU,1701798781
276,hami,42.8,93.45,-0.18,48,7,1.29,CN,1701798846
277,gaspe,48.8334,-64.4819,-2.05,54,20,5.14,CA,1701798664
278,vredendal,-31.6683,18.5012,19.87,61,2,7.11,ZA,1701798847
279,enying,46.9305,18.242,0.59,77,100,2.84,HU,1701798847
280,cockburn town,21.4612,-71.1419,27.32,77,12,6.83,TC,1701798847
281,prince rupert,54.3161,-130.3201,10.05,73,75,11.83,CA,1701798847
282,holyhead,53.3062,-4.6321,6.1,93,20,2.57,GB,1701798847
283,koksijde,51.1117,2.6852,6.25,87,100,2.57,BE,1701798848
284,mugia,43.1041,-9.2179,9.53,70,100,4.3,ES,1701798848
285,kotel'nikovo,47.6317,43.1461,-5.12,89,17,1.41,RU,1701798848
286,pangody,65.85,74.4859,-39.62,100,40,1.53,RU,1701798848
287,mogadishu,2.0371,45.3438,27.47,72,49,7.61,SO,1701798848
288,alice springs,-23.7,133.8833,18.75,63,0,1.03,AU,1701798849
289,turinskaya sloboda,57.6232,64.3858,-15.77,95,98,3.42,RU,1701798849
290,alaghsas,17.0187,8.0168,28.94,12,0,5.66,NE,1701798849
291,prince george,53.9166,-122.753,5.14,88,0,4.63,CA,1701798849
292,coyhaique,-45.5752,-72.0662,23.34,35,0,2.57,CL,1701798849
293,robertsport,6.7533,-11.3686,28.13,77,8,4.63,LR,1701798850
294,rongelap,11.1635,166.8941,27.5,78,84,9.7,MH,1701798850
295,korhogo,9.45,-5.6333,29.39,22,3,0.57,CI,1701798850
296,holualoa,19.6228,-155.9522,20.99,77,20,4.63,US,1701798582
297,qaqortoq,60.7167,-46.0333,-3.07,67,99,4.33,GL,1701798850
298,san jose del cabo,23.0589,-109.6977,28.19,60,0,2.68,MX,1701798850
299,kawerau,-38.1,176.7,15.05,97,97,2.05,NZ,1701798851
300,howrah,22.5892,88.3103,23.0,73,75,3.09,IN,1701798851
301,cam ranh,11.9214,109.1591,24.98,94,40,2.06,VN,1701798851
302,bridgewater,44.3835,-64.5155,1.79,81,94,6.69,CA,1701798851
303,metlili chaamba,32.2667,3.6333,17.52,22,0,0.0,DZ,1701798851
304,agdzhabedy,40.0528,47.4614,10.75,72,100,9.35,AZ,1701798851
305,vila do maio,15.1333,-23.2167,27.44,73,98,7.56,CV,1701798852
306,salinas,36.6777,-121.6555,17.76,69,0,8.23,US,1701798852
307,oranjemund,-28.55,16.4333,16.94,87,1,7.4,NA,1701798852
308,paide,58.8856,25.5572,-15.87,100,76,1.13,EE,1701798852
309,bayanaul,50.7889,75.6956,3.83,74,100,7.19,KZ,1701798852
310,aral,40.5156,81.2636,2.49,40,0,2.19,CN,1701798852
311,yuzhno-kurilsk,44.0306,145.8556,4.1,91,35,2.91,RU,1701798853
312,cabaritan east,18.4206,121.4897,24.29,92,55,1.35,PH,1701798853
313,suva,-18.1416,178.4415,24.71,100,40,0.0,FJ,1701798853
314,lorengau,-2.0226,147.2712,26.77,84,77,3.25,PG,1701798853
315,dabou,5.3256,-4.3769,27.57,80,14,4.62,CI,1701798853
316,gazli,40.1333,63.45,13.86,28,13,3.75,UZ,1701798854
317,la sarre,48.8002,-79.1996,-9.73,78,100,1.95,CA,1701798854
318,kivertsi,50.8343,25.4582,-6.18,96,100,3.07,UA,1701798854
319,mae ramat,16.984,98.5166,22.41,92,56,0.71,TH,1701798854
320,aswan,24.0934,32.907,27.61,34,0,3.09,EG,1701798854
321,manokwari,-0.8667,134.0833,25.73,84,96,3.35,ID,1701798627
322,daru,-9.0763,143.2092,26.41,77,57,4.1,PG,1701798855
323,charters towers,-20.1,146.2667,22.46,86,5,2.96,AU,1701798855
324,masterton,-40.9597,175.6575,13.27,89,100,2.48,NZ,1701798855
325,keflavik,64.0049,-22.5624,2.24,69,0,5.66,IS,1701798855
326,midelt,32.6852,-4.7451,12.95,40,100,1.21,MA,1701798855
327,coahuayana de hidalgo,18.7,-103.6583,27.85,59,100,1.44,MX,1701798856
328,ulladulla,-35.35,150.4667,17.09,79,69,2.83,AU,1701798733
329,diapaga,12.0708,1.7889,30.19,14,5,2.64,BF,1701798856
330,zag,46.9441,99.165,-18.17,83,28,1.29,MN,1701798856
331,argo,37.6333,22.7333,14.32,93,98,2.0,GR,1701798856
332,inga,-7.2808,-35.6044,33.25,33,35,7.78,BR,1701798856
333,chivhu,-19.0211,30.8922,24.9,20,9,5.02,ZW,1701798857
334,dudinka,69.4058,86.1778,-36.29,98,38,2.24,RU,1701798857
335,naze,28.3667,129.4833,14.51,63,71,3.67,JP,1701798857
336,kenai,60.5544,-151.2583,-1.59,94,100,1.54,US,1701798857
337,mbandaka,0.0487,18.2603,23.93,84,71,1.81,CD,1701798857
338,selfoss,63.9331,-20.9971,-3.99,72,32,4.68,IS,1701798858
339,port saint john's,-31.6229,29.5448,19.24,87,100,3.22,ZA,1701798858
340,bardai,11.65,7.2333,24.34,13,51,3.79,NG,1701798858
341,la'ie,21.6477,-157.9253,24.5,82,71,3.13,US,1701798858
342,lindi,-10.0,39.7167,25.52,84,70,1.18,TZ,1701798858
343,jaru,-10.4389,-62.4664,31.62,52,90,0.99,BR,1701798859
344,sikonge,-5.6333,32.7667,21.62,75,82,1.03,TZ,1701798859
345,trang,7.5,99.5,23.37,97,77,0.79,TH,1701798859
346,namdrik,5.5994,168.1028,28.09,79,96,9.65,MH,1701798859
347,piti village,13.4626,144.6933,27.49,82,0,3.6,GU,1701798859
348,saacow,1.6279,42.4407,28.79,44,28,4.57,SO,1701798860
349,pasuquin,18.3328,120.6177,25.13,83,39,3.28,PH,1701798860
350,boda,4.3189,17.4695,25.78,64,25,1.74,CF,1701798860
351,mabaruma,8.2,-59.7833,31.46,51,53,3.73,GY,1701798860
352,dakhla,23.6848,-15.958,21.01,83,100,8.23,EH,1701798860
353,tenosique,17.4833,-91.4333,28.45,72,94,3.25,MX,1701798861
354,santa cruz,-17.8,-63.1667,28.7,65,75,7.2,BO,1701798861
355,flying fish cove,-10.4217,105.6791,24.82,94,100,3.6,CX,1701798861
356,happy valley-goose bay,53.3168,-60.3315,-9.83,73,100,5.14,CA,1701798861
357,nuku'alofa,-21.1333,-175.2,25.19,88,40,3.09,TO,1701798862
358,ibotirama,-12.1853,-43.2206,37.07,23,76,1.5,BR,1701798862
359,pacific grove,36.6177,-121.9166,17.53,63,0,3.13,US,1701798862
360,remire-montjoly,4.9167,-52.2667,29.02,79,79,3.6,GF,1701798862
361,ulaangom,49.9811,92.0667,-12.45,85,100,1.64,MN,1701798862
362,kuanda,56.3161,116.0806,-22.72,92,100,2.34,RU,1701798862
363,akureyri,65.6835,-18.0878,-14.04,92,0,2.06,IS,1701798862
364,woolgoolga,-30.1106,153.2007,19.47,90,4,3.82,AU,1701798863
365,kirensk,57.7853,108.1119,-26.13,99,100,0.89,RU,1701798863
366,ebon,4.582,168.6964,28.14,81,92,9.07,MH,1701798863
367,okha,53.5739,142.9478,-7.77,91,100,7.45,RU,1701798863
368,thames,-37.1333,175.5333,13.94,98,100,1.57,NZ,1701798863
369,namibe,-15.1961,12.1522,24.33,83,92,2.4,AO,1701798864
370,mili,6.0815,171.735,28.01,78,93,10.33,MH,1701798864
371,melito di porto salvo,37.9222,15.7714,15.3,82,91,1.12,IT,1701798864
372,carbonear,47.7332,-53.2148,1.45,84,100,3.4,CA,1701798865
373,drachten,53.1125,6.0989,1.1,89,100,3.63,NL,1701798727
374,tamiahua,21.2667,-97.45,23.93,73,94,3.52,MX,1701798865
375,katipunan,7.5825,122.8306,25.12,87,99,2.39,PH,1701798865
376,ritchie,-29.038,24.6028,32.56,11,53,5.04,ZA,1701798865
377,fort stockton,30.894,-102.8793,17.09,30,0,6.17,US,1701798866
378,burutu,5.3509,5.5076,28.09,72,46,3.96,NG,1701798866
379,buncrana,55.1333,-7.45,0.87,91,41,2.47,IE,1701798866
380,port-gentil,-0.7193,8.7815,27.98,83,75,5.14,GA,1701798866
381,kingscliff,-28.2667,153.5667,21.54,94,26,0.0,AU,1701798867
382,diego de almagro,-26.3667,-70.05,28.08,14,0,5.54,CL,1701798867
383,durban,-29.8579,31.0292,19.51,88,100,3.78,ZA,1701798867
384,nogliki,51.8333,143.1667,-9.81,96,68,1.79,RU,1701798867
385,nova olinda do norte,-3.8881,-59.0942,32.35,50,90,2.33,BR,1701798868
386,kaedi,16.1465,-13.5047,32.82,13,19,2.67,MR,1701798868
387,angaur state,6.906,134.13,28.27,78,43,2.45,PW,1701798588
388,kourou,5.1552,-52.6478,29.03,66,73,4.1,GF,1701798868
389,kimbe,-5.5502,150.1429,24.23,94,97,1.65,PG,1701798868
390,saint-francois,46.4154,3.9054,5.92,72,0,1.54,FR,1701798624
391,hammerfest,70.6634,23.6821,-7.75,73,40,8.75,NO,1701798868
392,sibiti,-3.6819,13.3499,20.38,99,100,0.28,CG,1701798869
393,osorio,-29.8867,-50.2697,19.64,95,100,4.0,BR,1701798674
394,badger,64.8,-147.5333,-20.07,75,40,0.0,US,1701798869
395,guerrero negro,27.9769,-114.0611,23.08,27,88,2.69,MX,1701798869
396,balabac,7.9868,117.0645,27.26,83,48,2.22,PH,1701798869
397,llorente,11.4119,125.5458,26.24,86,71,2.16,PH,1701798870
398,isla mujeres,21.2311,-86.731,30.09,71,47,3.61,MX,1701798870
399,posadas,-27.3671,-55.8961,30.99,66,40,5.14,AR,1701798870
400,san juan de miraflores,-12.1629,-76.9635,21.29,74,84,4.45,PE,1701798870
401,wuchang,44.9143,127.15,0.57,89,68,5.94,CN,1701798871
402,magistral'nyy,56.1725,107.4458,-23.3,88,100,0.88,RU,1701798871
403,luderitz,-26.6481,15.1594,19.37,67,27,10.39,NA,1701798871
404,bismarck,46.8083,-100.7837,2.12,89,0,4.12,US,1701798871
405,gitega,-3.5,29.95,16.47,94,81,1.14,BI,1701798871
406,praia da vitoria,38.7333,-27.0667,19.14,82,40,11.12,PT,1701798872
407,fale old settlement,-9.3852,-171.2468,28.17,79,74,5.61,TK,1701798872
408,chernyshevskiy,63.0128,112.4714,-47.58,100,57,0.78,RU,1701798872
409,plouzane,48.3833,-4.6167,7.18,79,75,4.12,FR,1701798872
410,palmer,42.1584,-72.3287,4.02,57,75,2.57,US,1701798872
411,varadero,23.1536,-81.2514,29.42,66,90,3.77,CU,1701798714
412,saipan,15.1355,145.701,26.39,83,0,5.14,MP,1701798872
413,kuta,-8.7233,115.1723,26.97,88,20,0.51,ID,1701798873
414,taltal,-25.4,-70.4833,20.07,67,14,4.48,CL,1701798873
415,zaozersk,69.4005,32.4476,-11.01,89,100,4.04,RU,1701798873
416,bilara,26.1792,73.7056,17.93,43,0,3.49,IN,1701798873
417,freetown,8.484,-13.2299,29.84,66,75,5.14,SL,1701798873
418,ginir,7.1333,40.7,14.6,47,43,1.95,ET,1701798874
419,lihue,21.9789,-159.3672,23.77,84,75,8.75,US,1701798874
420,lincoln,40.8,-96.667,6.82,69,0,7.72,US,1701798858
421,kez,57.8979,53.7152,-15.75,96,100,2.11,RU,1701798874
422,pirallahi,40.4723,50.333,10.08,79,100,11.99,AZ,1701798874
423,pemangkat,1.1667,108.9667,25.07,91,100,1.4,ID,1701798874
424,orkney,-26.9802,26.6727,26.89,27,90,3.3,ZA,1701798875
425,codrington,-38.2667,141.9667,11.37,87,70,2.44,AU,1701798875
426,honiara,-9.4333,159.95,26.34,91,100,5.9,SB,1701798875
427,opuwo,-18.0607,13.84,21.97,72,96,5.45,NA,1701798875
428,sabang,5.8933,95.3214,27.36,81,100,4.14,ID,1701798875
429,matoury,4.8483,-52.3317,28.98,79,79,3.6,GF,1701798876
430,velizh,55.6056,31.1967,-10.52,99,95,1.4,RU,1701798876
431,maceio,-9.6658,-35.7353,31.69,51,40,6.69,BR,1701798577
432,iquique,-20.2208,-70.1431,21.02,65,13,2.81,CL,1701798876
433,haiku-pauwela,20.9219,-156.3051,24.47,84,40,7.15,US,1701798877
434,bambanglipuro,-7.95,110.2833,25.54,88,100,1.02,ID,1701798877
435,kalmunai,7.4167,81.8167,26.12,89,100,3.53,LK,1701798877
436,port lincoln,-34.7333,135.8667,16.48,83,80,6.13,AU,1701798747
437,amga,60.8953,131.9608,-46.9,99,70,0.91,RU,1701798877
438,mullsjo,63.7,19.7,-17.36,100,67,1.71,SE,1701798878
439,gerash,27.6652,54.1371,15.08,39,0,0.98,IR,1701798878
440,bushehr,28.9684,50.8385,20.05,77,0,2.06,IR,1701798878
441,coronel du graty,-27.6804,-60.9146,28.64,61,87,2.29,AR,1701798878
442,reyes,-14.3167,-67.3833,24.09,88,100,1.54,BO,1701798878
443,sirte,31.2089,16.5887,18.65,44,26,4.04,LY,1701798879
444,neelankarai,12.9455,80.2575,28.03,89,75,1.03,IN,1701798879
445,galeana,24.8333,-100.0667,16.01,61,100,1.84,MX,1701798879
446,harper,4.375,-7.7169,27.26,77,21,4.26,LR,1701798879
447,la passe,45.5549,-0.8967,7.77,71,88,2.72,FR,1701798880
448,yaren,-0.5472,166.916,28.52,77,89,4.92,NR,1701798880
449,sanctuary point,-35.1114,150.629,20.97,79,86,3.84,AU,1701798880
450,mount gambier,-37.8333,140.7667,9.74,94,79,1.65,AU,1701798880
451,constantia,44.1833,28.65,4.38,76,100,2.41,RO,1701798846
452,elverum,60.8819,11.5623,-21.46,99,31,1.08,NO,1701798880
453,burang,30.25,81.1667,-13.04,72,10,1.64,CN,1701798881
454,shahrak,34.1074,64.3052,3.42,23,42,1.04,AF,1701798881
455,apatity,67.5641,33.4031,-10.19,97,100,3.36,RU,1701798881
456,katsuura,35.1333,140.3,11.24,85,100,6.3,JP,1701798881
457,mafeteng,-29.823,27.2374,20.77,21,38,2.46,LS,1701798881
458,xiongzhou,25.1167,114.3,12.6,87,57,1.01,CN,1701798881
459,smila,49.2224,31.8871,-2.13,72,100,3.8,UA,1701798881
460,lib,8.3122,167.3766,27.78,79,100,9.99,MH,1701798882
461,extrema,-22.8547,-46.3183,28.2,57,62,1.37,BR,1701798882
462,nahiyat al fuhud,30.9697,46.7228,20.06,26,0,2.99,IQ,1701798882
463,arraial do cabo,-22.9661,-42.0278,29.98,70,75,4.63,BR,1701798882
464,choibalsan,48.0667,114.5,-14.99,69,33,9.49,MN,1701798882
465,andovoranto,-18.95,49.1,24.0,81,5,1.07,MG,1701798882
466,shakiso,5.75,38.9167,15.4,68,48,1.45,ET,1701798882
467,linqiong,30.4159,103.4609,8.9,67,100,2.69,CN,1701798882
468,murray bridge,-35.1167,139.2667,15.62,83,85,2.15,AU,1701798882
469,santiago del torno,-17.9833,-63.3833,28.1,76,99,3.48,BO,1701798883
470,bovalino,38.149,16.174,14.63,79,91,2.64,IT,1701798883
471,qamdo,31.1667,97.2333,-8.24,64,100,1.41,CN,1701798883
472,archidona,37.0965,-4.3887,11.48,81,100,1.93,ES,1701798883
473,loango,-4.6719,11.8312,24.6,86,100,1.75,CG,1701798883
474,kavaratti,10.5669,72.642,28.22,71,100,3.18,IN,1701798883
475,bomdila,27.25,92.4,6.49,79,98,2.35,IN,1701798883
476,ohara,35.25,140.3833,10.91,86,100,5.58,JP,1701798883
477,zebbug,35.8719,14.4411,16.24,88,75,7.72,MT,1701798883
478,portage,41.1667,-81.1998,2.27,90,100,0.89,US,1701798884
479,saal,48.9,11.9333,0.27,100,100,2.26,DE,1701798884
480,neiafu,-18.65,-173.9833,26.38,83,20,4.63,TO,1701798884
481,crane,31.3974,-102.3501,17.24,26,2,2.61,US,1701798884
482,patur,20.45,76.9333,21.17,79,100,2.62,IN,1701798884
483,sumbe,-11.2061,13.8437,26.75,81,94,1.94,AO,1701798884
484,hadibu,12.65,54.0333,25.48,62,33,7.62,YE,1701798884
485,salinopolis,-0.6136,-47.3561,29.54,69,90,5.45,BR,1701798884
486,ilabaya,-17.4208,-70.5133,25.85,36,57,5.5,PE,1701798884
487,al kharijah,25.4514,30.5464,19.98,24,0,4.08,EG,1701798884
488,viqueque,-8.8673,126.3658,26.38,84,95,0.62,TL,1701798885
489,fuglafjordur,62.244,-6.814,-1.74,72,32,3.2,FO,1701798885
490,thurles,52.6819,-7.8022,3.23,94,98,1.31,IE,1701798885
491,nouadhibou,20.931,-17.0347,21.99,73,80,7.2,MR,1701798885
492,axim,4.8699,-2.2405,27.45,77,30,3.71,GH,1701798885
493,ayabe,35.3,135.25,8.3,92,100,0.92,JP,1701798885
494,kaohsiung,22.6163,120.3133,21.97,79,75,3.09,TW,1701798885
495,callao,-12.0667,-77.15,22.16,73,75,2.57,PE,1701798726
496,glen innes,-29.7333,151.7333,15.13,63,0,0.62,AU,1701798885
497,al muwayh,22.4333,41.7583,20.4,27,0,5.89,SA,1701798886
498,timbiras,-4.2553,-43.9406,34.38,39,95,1.02,BR,1701798886
499,campbell river,50.0163,-125.2446,8.11,100,100,1.03,CA,1701798160
500,tateyama,34.9833,139.8667,10.05,82,100,7.23,JP,1701798886
501,timimoun,29.2639,0.231,20.21,28,0,2.06,DZ,1701798886
502,santa cruz del sur,20.7147,-77.9956,28.67,66,17,5.04,CU,1701798886
503,sodankyla,67.4167,26.6,-14.1,98,99,1.11,FI,1701798886
504,ola,59.5833,151.2833,-26.4,88,71,4.48,RU,1701798886
505,nhamunda,-2.1861,-56.7131,32.93,48,80,1.68,BR,1701798887
506,sudogda,55.9539,40.8629,-16.82,100,94,1.35,RU,1701798887
507,warrenton,-28.114,24.8475,25.99,32,98,2.13,ZA,1701798887
508,xunchang,28.4543,104.715,12.0,87,97,0.54,CN,1701798887
509,rabaul,-4.1967,152.1721,26.69,80,100,1.68,PG,1701798887
510,odienne,9.51,-7.5692,28.81,23,34,1.36,CI,1701798887
511,kamaishi,39.2667,141.8833,9.77,76,97,1.55,JP,1701798887
512,mormugao,15.4,73.8,26.59,78,40,2.06,IN,1701798887
513,khawr fakkan,25.3313,56.342,25.03,44,0,0.95,AE,1701798887
514,mejit,10.2753,170.8646,27.6,79,73,10.15,MH,1701798888
515,alaca,40.1683,34.8425,5.79,91,4,0.95,TR,1701798888
516,qaisumah,28.3112,46.1273,16.98,31,0,1.03,SA,1701798888
517,mboursou lere,9.7639,14.1539,28.99,15,19,3.3,TD,1701798888
518,kegeyli shahar,42.7767,59.6078,10.05,56,75,5.43,UZ,1701798845
519,gamay,12.3854,125.2979,25.62,92,95,2.43,PH,1701798888
520,port douglas,-16.4833,145.4667,25.99,82,56,6.53,AU,1701798888
521,balassagyarmat,48.073,19.2961,-0.47,92,99,1.76,HU,1701798888
522,cidreira,-30.1811,-50.2056,20.37,85,100,7.93,BR,1701798888
523,madison,34.7334,-86.5667,13.63,61,0,3.6,US,1701798739
524,ca mau,9.1769,105.15,24.59,92,100,2.38,VN,1701798889
525,vicuna mackenna,-33.9197,-64.3922,17.72,92,96,4.86,AR,1701798889
526,fort bragg,35.139,-79.006,16.62,45,0,1.54,US,1701798889
527,hutchinson,38.0608,-97.9298,8.74,52,0,8.23,US,1701798784
528,hotan,37.0997,79.9269,5.2,26,0,1.21,CN,1701798889
529,kununurra,-15.7667,128.7333,26.99,89,57,0.0,AU,1701798889
530,safford,32.834,-109.7076,16.17,38,0,5.14,US,1701798838
531,lycksele,64.5954,18.6735,-26.98,76,36,0.51,SE,1701798889
532,huarmey,-10.0681,-78.1522,23.17,73,87,5.33,PE,1701798889
533,olyokminsk,60.3736,120.4264,-42.45,99,51,0.88,RU,1701798889
534,aoulef,26.9667,1.0833,19.26,18,60,0.7,DZ,1701798890
535,m'sila,35.7058,4.5419,14.34,48,100,3.07,DZ,1701798890
536,ganshui,28.7422,106.7111,12.65,92,99,1.24,CN,1701798890
537,uturoa,-16.7333,-151.4333,26.99,80,100,7.45,PF,1701798890
538,tamanrasset,22.785,5.5228,20.95,11,0,2.06,DZ,1701798890
539,prado,-17.3411,-39.2208,28.26,68,9,5.25,BR,1701798890
540,myeik,12.4333,98.6,25.18,88,43,1.51,MM,1701798890
541,ashland,40.8167,-82.2665,3.32,96,100,1.8,US,1701798104
542,korla,41.7597,86.1469,1.34,45,3,1.57,CN,1701798890
543,mukalla,14.5425,49.1242,24.85,65,26,0.67,YE,1701798891
544,trairi,-3.2778,-39.2689,30.34,63,51,7.02,BR,1701798711
545,cananea,30.95,-110.3,16.34,17,91,1.52,MX,1701798891
546,seymour,38.9592,-85.8903,8.75,86,95,0.89,US,1701798677
547,roxas,11.5853,122.7511,23.97,88,74,2.18,PH,1701798891
